id;file_name;file_url;file_size;uploaded_at;source
1;frightfully phooey indelible;enfold under confound;9630;2025-08-15T22:04:11;midst bell
2;foolish;almost;13507;2025-08-16T09:34:42;whereas incidentally
3;apud honored geez;who since between;25165;2025-08-15T22:51:11;ah nor
4;dutiful however;gee;23278;2025-08-16T01:55:58;boo rewrite the
5;commodity;abscond slip qua;13611;2025-08-16T04:28:43;ew than
6;hmph er through;yippee;15289;2025-08-15T14:16:35;formamide
7;willfully in championship;forsaken or gaseous;5775;2025-08-15T20:13:43;sleepy
8;excitedly;onto wriggler;14045;2025-08-15T17:54:09;joyously howl
9;aha;blissfully whup;18077;2025-08-16T07:47:18;geez gah concerning
10;what;concrete status scoop;13389;2025-08-15T19:34:52;papa
