id;title;description;visibility;trello_id;created_at;created_by
1;broadcast perky;../fake-data/blob/hipster.txt;WORKSPACE;delightfully separately;2025-08-16T08:50:52;hoick onto besides
2;drat meaningfully of;../fake-data/blob/hipster.txt;PUBLIC;amendment overspend;2025-08-16T02:48:40;official remorseful
3;timely lost;../fake-data/blob/hipster.txt;PUBLIC;yum inject amongst;2025-08-16T10:51:11;busily jagged
4;yahoo during overdue;../fake-data/blob/hipster.txt;WORKSPACE;gracefully;2025-08-15T17:00:52;excepting
5;order eternity by;../fake-data/blob/hipster.txt;WORKSPACE;oxidize over;2025-08-16T03:47:46;oof yahoo ick
6;doting;../fake-data/blob/hipster.txt;PRIVATE;construe yum yum;2025-08-15T21:34:24;snow
7;step-mother developmental;../fake-data/blob/hipster.txt;WORKSPACE;pfft;2025-08-16T11:24:57;tune-up
8;gallery provided;../fake-data/blob/hipster.txt;PUBLIC;furthermore athwart issue;2025-08-15T19:39:22;yowza sheepishly
9;with stained yahoo;../fake-data/blob/hipster.txt;PRIVATE;how;2025-08-15T14:09:06;hasty
10;what yuck;../fake-data/blob/hipster.txt;PRIVATE;denitrify;2025-08-16T10:26:18;woot oh
