id;trello_webhook_id;id_model;callback_url;active;last_received_at;secret
1;gadzooks;on yahoo;circle;true;2025-08-16T07:27:56;amongst the like
2;after pro;gee lest strong;bah;false;2025-08-15T20:11:26;amendment truthfully cheerfully
3;unless round huzzah;briefly excluding;wherever basket;true;2025-08-16T04:19:36;ha boo ew
4;beautifully proliferate pfft;accept;speedily pear zowie;false;2025-08-16T03:26:15;jealously easily gah
5;unless humble;for grubby for;above;true;2025-08-15T21:55:20;eyeglasses meh
6;despite statue;reprimand;digit outlandish;true;2025-08-16T13:37:41;quietly
7;pasta;shoulder valentine;squid suffocate ouch;false;2025-08-15T15:45:25;authorized accredit
8;intend;barring;past whereas hm;true;2025-08-16T02:42:50;antagonize hard-to-find
9;epic pish;tuxedo coolly dividend;ah brood venom;false;2025-08-15T16:14:42;majority
10;except;astride which pace;vengeful lest gladly;true;2025-08-16T06:25:13;pointless yippee mid
